Status	Category	Project Name	Client	Location	Area	Floors	Start Date	Completion Date	Ignore	Architect
Completed	Institutional	ADITHYA CBSE SCHOOL	ADITYA EDUCATIONAL TRUST	COIMBATORE	141000 SFT	2	MAR'2014	JAN' 2015	Completed	M/s.Sundar Sundaram Architects
Completed	Institutional	ADITHYA INSTITUTE OF TECHNOLOGY	ADITYA EDUCATIONAL TRUST	COIMBATORE	325000 SFT	4	FEB' 2008	AUG'2009	Completed	M/s. Jeyakumar Associates
Completed	Institutional	ADITYA INSTITUTE OF TECHNOLOGY	ADITYA EDUCATIONAL TRUST	COIMBATORE	37900 SFT	2	JUL' 2023	MAR'2025	Completed	Ms/. Vesta Architects
Completed	Institutional	ADITHYA MATRICULATION SCHOOL	ADITYA EDUCATIONAL TRUST	COIMBATORE	100000 SFT	2	MAR'2014	JAN' 2015	Completed	M/s. Sundar Sundaram Architects
Completed	Institutional	ADITYA SCHOOL HOSTEL BUILDING	ADITYA EDUCATIONAL TRUST	COIMBATORE	57000 SFT	2	NOV' 2017	DEC' 2018	Completed	Ms/. Vesta Architects
Completed	Institutional	ADITYA SCHOOL HOSTEL BUILDING	ADITYA EDUCATIONAL TRUST	COIMBATORE	34000 SFT	2	DEC' 2019	JAN' 2021	Completed	Ms/. Vesta Architects
Completed	Institutional	ARJUN COLLEGE OF TECHNOLOGY	ARJUN EDUCATIONAL TRUST	COIMBATORE	100000 SFT	3	OCT' 2012	NOV' 2014	Completed	M/s. Jeyakumar Associates
Completed	Institutional	Civil and allied works	Systematic Conscom Limited No.8, ...	Sriyazhavakkam, Chennai	8,000.	GF FLOOR	JUN' 2024	MAR' 2025	Completed	M/s. Arvind gupta Consultants, E - 296, ...
Completed	Institutional	Construction of Additional Buildings	M/s. Karuppiah Pillai Thevanai Ammal...	Kidaripatti village, Madurai	72,000.	GROUND+ 3 FLOORS	MAR'2009	MAR'2011	Completed	Client Engineer
Completed	Institutional	Construction of Admin Block Extension	Sri Ranganathar Trust	Athipalayam, Coimbatore	49,000.	GF + 2 Floors	SEP 2023	MAR' 2025	Completed	Ms/. Vesta Architects, No: 252, Avinashi ...
Completed	Institutional	Construction of Arjun College of...	ARJUN EDUCATIONAL TRUST	Chettiyakkapalayam, Tamarai...	40,000.	GROUND + FIRST	FEB'2015	AUG' 2015	Completed	Ms. JP Associates, No: 69, KPN Colony, 4th...
Completed	Institutional	Construction of Girls Hostel	Sri Ranganathar Trust	Athipalayam, Coimbatore	50,000.	GF + 2 Floors	SEP 2023	MAR' 2025	Completed	Ms/. M. Dharmalingam Associates, 6 Syrian ...
Completed	Institutional	Construction of Girls Hostel at Arjun...	ARJUN EDUCATIONAL TRUST	Tamarai kulum, Coimbatore	24,000.	GROUND + 1 FLOORS	JUN' 2021	DEC' 2021	Completed	Ms/. Vesta Architects, No: 252, Avinashi ...
Completed	Institutional	Construction of Government Tribal...	M/s. GOVEL Trust - Aravind Eye Hospitals	Mavuthampathi, Palakkad	4,500.	Ground + FF	OCT 2023	DEC'2024	Completed	Ms/. Vesta Architects, No: 252, Avinashi ...
Completed	Institutional	Construction of MBA/ MCA Block building	M/s. Hindusthan Education and charitable...	Nava India Coimbatore	90,500.	GROUND + 5 FLOORS	MAR' 2016	MAY' 2018	Completed	M/s. Sundar Sundaram Architects, ...
Completed	Institutional	Construction of School Building	M/s. Mahatma Gandhi School, KK Nagar, ...	KK Nagar, Thillaikulam, ...	2,70,000.	GROUND + 3 FLOORS	APR' 2007	APR' 2008	Completed	M/s. Prasad N Yadav, 7, Ashok Road, Near ...
Completed	Institutional	Construction of Siddha and yoga building	M/s. The World community service centre, ...	Thiruvanmiyur, Chennai	4,756.	GF +1 Floors	JUN' 2023	MAR' 2025	Completed	M/s. M. Dharmalingam Associates, 6 Syrian ...
Completed	Institutional	Construction of Visiting Staff Quarters	PSG & SONS' Charities	Neelambur, Coimbatore	78,500.	GROUND + 5 FLOORS	FEB'2015	MAR' 2018	Completed	M/s. S.D.Sharma Associates, Sec-54 L ...
Completed	Institutional	HINDUSTHAN COLLEGE OF ARTS &...	HINDUSTHAN EDUCATION AND...	COIMBATORE	28000 SFT	3	MAR' 2016	APR' 2018	Completed	M/s. Sundar Sundaram Architects
Completed	Institutional	KFI-THE SCHOOL	THE SCHOOL KRISHNAMURTHI...	CHENNAI	55500 SFT	2	JUN' 2017	SEP' 2018	Completed	M/s. Green Evolution
Completed	Institutional	KUMARAGURU COLLEGE OF...	M/s. Kumaraguru College of Technology	COIMBATORE	97000 SFT	3	NOV'2011	MAR' 2013	Completed	M/s. PTK Architects
Completed	Institutional	M/s.D.J. ACADEMY FOR MANAGERIAL...	D.J. ACADEMY FOR MANAGERIAL...	COIMBATORE	21000 SFT	2 & 3	MAR' 2006	MAR' 2007	Completed	Client Engineer
Completed	Institutional	M/s. GKD CHARITY TRUST	GKD CHARITY TRUST	COIMBATORE	52500 SFT	2	MAY' 2004	AUG' 2005	Completed	M/s. Environmental Creations
Completed	Institutional	MAHATMA MONTESSORI SCHOOL	MAHATMA MONTESSORI SCHOOL	MADURAI	205000 SFT	3	2010-06-01	2012-07-01	Completed	M/s. Prasad N yadav
Completed	Institutional	MEPCO SCHLENK ENGINEERING...	MEPCO SCHLENK CHARITIES	SIVAKASI	201400 SFT	2	FEB' 2018	JAN' 2020	Completed	M/s. Trinity Associates
Completed	Institutional	Proposed Toilet Modification work - GF & ...	M/s. Sri Krishna college of Technology, ...	Kovaipudur, Coimbatore	-	-	JUL' 2022	Dec' 2022	Completed	M/s. PTK Project Consultants LLP, 19/1, ...
Completed	Institutional	PSG IMS&R ONCOLOGY BLOCK	PSG & SONS' Charities	COIMBATORE	220000 SFT	8	AUG' 2020	FEB' 2023	Completed	M/s. Mithran Structures (P) Ltd
Completed	Institutional	PSG INSTITUTE OF MEDICAL...	PSG & SONS' Charities	COIMBATORE	285600 SFT	8	MAR' 2016	DEC' 2022	Completed	Client Engineer)
Completed	Institutional	PSG INSTITUTE OF TECHNOLOGY &...	PSG & SONS' Charities	COIMBATORE	75000 SFT	GROUND FLOOR	JUN' 2015	JUN' 2017	Completed	M/s. S.D.Sharma Associates
Completed	Institutional	RAMAKRISHNA MISSION VIDYALAYA	RAMAKRISHNA MISSION VIDYALAYA	COIMBATORE	10500 SFT	GF	Jan' 2020	Apr' 2022	Completed	Ms/. Vesta Architects
Completed	Institutional	Renovation work in "D" Block and Boys...	M/s. Kumaraguru College of Technology	Saravanampatti, Coimbatore	22,500.	RENOVATION	MAY'2013	OCT'2013	Completed	M/s. PTK Architects, No. 1, Second Street...
Completed	Institutional	SRI KRISHNA COLLEGE OF...	SRI KRISHNA COLLEGE OF...	COIMBATORE	106100 SFT	3	JAN' 2022	DEC' 2022	Completed	M/s. PTK Project Consultants
Completed	Institutional	SRI RAMAKRISHNA ENGINEERING...	SNR SONS CHARITABLE TRUST	COIMBATORE	1,84,000 SFT	2	1996	1998	Completed	M/s Sankar & Associates
Completed	Institutional	SRI RAMAKRISHNA INSTITUTE OF...	SNR SONS CHARITABLE TRUST	COIMBATORE	1,75,000 SFT	3	2000	2002	Completed	M/s Britto Ilango Associates
Completed	Institutional	SRI RAMAKRISHNA POLYTECHNIC...	SNR SONS CHARITABLE TRUST	COIMBATORE	70,000 SFT	3	1996	1997	Completed	Client Engineers
Completed	Institutional	SRM INSTITUTE OF SCIENCE AND...	SRM INSTITUTE OF SCIENCE AND...	CHENNAI	150,000 SFT	5	DEC' 2022	MAR' 2024	Completed	M/S. FEEL & BARI
Completed	Institutional	VELAMMAL CBSE & MATRICULATION...	VELAMMAL EDUCATIONAL TRUST...	KARUR	203000 SFT	-	SEP' 2010	JUL' 2013	Completed	Client Engineer
Ongoing	Institutional	Construction of Allied Health Science...	M/s. DR NGP Research and Educational...	Kalapatti, Coimbatore	1,70,000.	B2+ GF + 7 Floors	AUG 2024	JAN' 2027	Ongoing	M/s. Senthil Associates, Consultants
Ongoing	Institutional	Construction of E8 Block	PSG & SONS' Charities	Neelambur, Coimbatore	1,31,000.	GF + 6 Floors	DEC' 2024	SEP '2026	Ongoing	M/s. Mithran Structures (P) Ltd., Dr. L.S ...
Ongoing	Institutional	Construction of school building	M/s. Sai Saravagathi charitable foundation.	Ketti village, Coonoor Taluk	51,000.	GF + 1 Floors	JUNE' 2024	NOV' 2026	Ongoing	M/s. Aruace Projects (P) Ltd., No:63,...
Ongoing	Institutional	RAK'S Pallikkoodam	RAK'S Pallikkoodam	COIMBATORE	81000 SFT	GF+3	SEP' 2024	SEP 2026	Ongoing	M/S INGENIO
Ongoing	Institutional	SRI KRISHNA COLLEGE OF...	SRI KRISHNA COLLEGE OF...	COIMBATORE	84200 SFT	4	JAN' 2023	SEP ' 2025	Ongoing	M/s. PTK Project Consultants
Ongoing	Institutional	The NGP School	NGP SCHOOL, KALAPATTI	COIMBATORE	81000 SFT	2	JUNE' 2024	JUL' 2025	Ongoing	M/S INGENIO
Ongoing	Institutional	WORLD COMMUNITY SERVICE...	WORLD COMMUNITY SERVICE CENTRE	CHENNAI	10,400 SFT	3	JUN' 2023	JUL' 2025	Ongoing	M/s. M. Dharmalingam Associate
